effect,term,estimate,std.error,statistic,df,p.value,conf.low,conf.high,country,outcome
fixed,(Intercept),0.08408690959892805,0.4756582134607833,0.17678010642795466,57.715968108704914,0.8603000054912876,-0.8681462262254108,1.0363200454232668,Indonesia,Depression
fixed,age,-0.012523617096688349,0.0044315857878176705,-2.82598999462348,238.29481830061988,0.0051133957595163185,-0.021253704046507303,-0.003793530146869395,Indonesia,Depression
fixed,female,-0.09035553888047332,0.10082780577995923,-0.8961371139788564,237.9125180114708,0.37108536089182276,-0.288984827193144,0.10827374943219736,Indonesia,Depression
fixed,ethnicity_minority,0.17213193184909822,0.12379904775992764,1.390414021462412,227.07980507436477,0.16576440964828482,-0.07180985798102474,0.4160737216792212,Indonesia,Depression
fixed,education,0.007154389846318162,0.056688905997732277,0.12620440843582972,238.79116020813564,0.8996763181422177,-0.10451981699362828,0.11882859668626461,Indonesia,Depression
fixed,employmentPart-time/casual,0.1438875569386044,0.14588135633217433,0.9863327333684091,238.64762405024092,0.3249687975811477,-0.14349203495096735,0.43126714882817613,Indonesia,Depression
fixed,employmentStudent,0.002968890634049043,0.25079117254485866,0.011838098621744756,236.89882549711658,0.990564747696326,-0.49109682380791597,0.49703460507601405,Indonesia,Depression
fixed,employmentNot working,0.14714286379353997,0.15104004987180017,0.9741976642515143,236.80976236055994,0.3309524722368884,-0.15041088777663497,0.4446966153637149,Indonesia,Depression
fixed,comorbidity,0.17180086485636012,0.09161351358091092,1.8752786367551506,236.79301090131486,0.0619850829893493,-0.008680766267024992,0.35228249597974526,Indonesia,Depression
fixed,gen_health,-0.12508977820346512,0.0685061440176283,-1.8259643714770526,236.93199390557595,0.06911422352547658,-0.26004872558635106,0.009869169179420823,Indonesia,Depression
fixed,perceived_risk,0.02644870611354791,0.007943320369538756,3.329678885290095,236.86760352382774,0.0010082461760483965,0.01080012937281305,0.04209728285428277,Indonesia,Depression
fixed,risk_self,-0.009064786483511156,0.08958741358080702,-0.10118370562550959,238.7961742444633,0.9194895364397521,-0.1855473293797054,0.16741775641268306,Indonesia,Depression
fixed,health_trust,0.027090173465205765,0.03258741455766303,0.8313078479199396,236.74391625318174,0.40663739111887554,-0.03710817204817319,0.09128851897858473,Indonesia,Depression
fixed,worry_health_fear,-0.0023851817251632325,0.04415300948690856,-0.05402081880444509,238.17391807818777,0.9569638619166915,-0.08936547029250684,0.08459510684218037,Indonesia,Depression
fixed,worry_economic,-0.0036155608411940505,0.027352312779318978,-0.1321848309634631,237.10664992802194,0.8949502010371094,-0.05750014936537278,0.050269027682984684,Indonesia,Depression
fixed,worry_basic_needs,0.06441348008441915,0.07322709877768116,0.8796399305669569,237.40548017726712,0.37994391500972813,-0.07984439819731852,0.2086713583661568,Indonesia,Depression
fixed,worry_social,0.047433081844980456,0.02757197912008161,1.7203364922916733,236.79393270380055,0.08667770323556924,-0.0068846216343150385,0.10175078532427595,Indonesia,Depression
fixed,worry_safety_stigma,0.3203875060674191,0.09552263969557002,3.3540478685313957,236.62921841035524,9.273366117910035e-4,0.13220409898100122,0.508570913153837,Indonesia,Depression
fixed,livelihood_disruption,0.051005569139452075,0.019734613081855736,2.584574064254002,238.01284806644895,0.010346705183812883,0.012128756600805472,0.08988238167809867,Indonesia,Depression
fixed,(Intercept),-0.09895901351014014,0.4709616551218359,-0.21012116896128163,188.36575754877532,0.833800207654301,-1.027995813733079,0.8300777867127986,Indonesia,Anxiety
fixed,age,-0.014942996730645284,0.004714238850379208,-3.169758089249824,221.41593774790283,0.0017413359622752218,-0.024233516415561464,-0.005652477045729104,Indonesia,Anxiety
fixed,female,-0.05343086536878169,0.10794580279084835,-0.4949786280464029,238.96097867845629,0.6210700139871423,-0.26607773270528606,0.1592160019677227,Indonesia,Anxiety
fixed,ethnicity_minority,0.06545961605195824,0.12368357148141429,0.5292506940729371,54.212791641511735,0.5987921225791065,-0.18248872554470347,0.31340795764861995,Indonesia,Anxiety
fixed,education,0.13976787171890293,0.059375133695497344,2.353979907408648,179.40640516649123,0.01965567561366954,0.022604404143773918,0.25693133929403195,Indonesia,Anxiety
fixed,employmentPart-time/casual,-0.040413175815807736,0.15517899313901,-0.2604294241012728,231.98150034765285,0.79476356410997,-0.34615346355894133,0.2653271119273259,Indonesia,Anxiety
fixed,employmentStudent,0.11488201321239468,0.2694479050124097,0.4263607587043724,238.9940585919636,0.670228759179881,-0.4159140998671239,0.6456781262919132,Indonesia,Anxiety
fixed,employmentNot working,-0.0724301384728006,0.1624344978018629,-0.44590366857384356,238.49297625754448,0.6560713687770361,-0.3924197185888592,0.247559441643258,Indonesia,Anxiety
fixed,comorbidity,0.27300702485724454,0.09858065111713099,2.769377375412794,237.65319083973787,0.006059657717126315,0.07880351463461521,0.46721053507987387,Indonesia,Anxiety
fixed,gen_health,-0.16445719645436002,0.07367759765532464,-2.232119418764393,237.92487829454492,0.026538711596623518,-0.3096009371795044,-0.019313455729215667,Indonesia,Anxiety
fixed,perceived_risk,0.030337734644268123,0.008545162834878203,3.5502816307303915,237.7728690754861,4.6374435798890825e-4,0.01350383951219019,0.047171629776346057,Indonesia,Anxiety
fixed,risk_self,0.010699896365455543,0.0945109210451515,0.11321333288397212,178.78791123585475,0.9099884474831259,-0.17580052344778951,0.1972003161787006,Indonesia,Anxiety
fixed,health_trust,0.03551705843455349,0.035079197241307036,1.0124820756368635,237.09792904099055,0.3123397232456461,-0.03358965590512835,0.10462377277423532,Indonesia,Anxiety
fixed,worry_health_fear,0.017930908714099823,0.04700493055983851,0.38146867787142685,222.7894096152734,0.7032190653809343,-0.07470025663183416,0.1105620740600338,Indonesia,Anxiety
fixed,worry_economic,-0.03602325285260568,0.02939831616602234,-1.2253508891179365,238.17128954202528,0.22165340402546407,-0.0939371798385167,0.021890674133305338,Indonesia,Anxiety
fixed,worry_basic_needs,0.0380195245361694,0.07849840961332107,0.484334965809518,238.66035355196826,0.628592333308664,-0.11661870582730373,0.19265775489964254,Indonesia,Anxiety
fixed,worry_social,0.07125873787772447,0.02964639743795363,2.4036221610689967,238.73760821132478,0.016997016406024096,0.012856804660303436,0.1296606710951455,Indonesia,Anxiety
fixed,worry_safety_stigma,0.5583315050910838,0.10288134449477618,5.426946039954145,236.51377967313982,1.4171660396128307e-7,0.3556506477723844,0.7610123624097831,Indonesia,Anxiety
fixed,livelihood_disruption,0.051927192404994105,0.020965933829691905,2.4767412139522706,202.42363280988488,0.014078559566698956,0.01058755963043518,0.09326682517955304,Indonesia,Anxiety
fixed,(Intercept),-0.3198502772750097,0.4604484698484931,-0.6946494520445554,156.6360599352812,0.48830410333020835,-1.2293395178080764,0.589638963258057,Indonesia,Stress
fixed,age,-0.011177371876977813,0.004585786143964307,-2.437394925554734,231.76102732476684,0.01554687792308866,-0.02021252889752699,-0.002142214856428638,Indonesia,Stress
fixed,female,0.11401882934351054,0.10468558416518964,1.0891550183604404,238.9928099488884,0.2771825552908935,-0.09220545970878438,0.32024311839580544,Indonesia,Stress
fixed,ethnicity_minority,-0.012021153388285669,0.12281832231336408,-0.0978775248013433,63.29638498685756,0.9223388353521125,-0.2574314971160744,0.23338919033950303,Indonesia,Stress
fixed,education,0.09145941362249832,0.05800638069222496,1.5767129845209826,188.28343385403804,0.11654025693372339,-0.02296649360365001,0.20588532084864664,Indonesia,Stress
fixed,employmentPart-time/casual,0.05727236689904101,0.15081140878612012,0.37976150053915586,233.93600291048324,0.7044669910208027,-0.2398497020083652,0.35439443580644725,Indonesia,Stress
fixed,employmentStudent,-0.044159230425166875,0.26116589401150203,-0.1690849817596093,237.86521630525874,0.8658734967675888,-0.5586527076696403,0.47033424681930647,Indonesia,Stress
fixed,employmentNot working,-0.08285762630781782,0.15736848922862523,-0.5265198052924185,236.77382402511986,0.5990199710543305,-0.3928788484593382,0.22716359584370252,Indonesia,Stress
fixed,comorbidity,0.24210525976434458,0.09547591343479968,2.53577317099645,235.896596468592,0.011866771339695475,0.05401090248184545,0.43019961704684373,Indonesia,Stress
fixed,gen_health,-0.09686148298206072,0.0713663123697627,-1.357243771826161,236.45262598712196,0.17599784736536592,-0.23745650227457926,0.0437335363104578,Indonesia,Stress
fixed,perceived_risk,0.03118731322966506,0.008276527852242803,3.768163870941824,236.17404214334908,2.0775854766201578e-4,0.01488206197949318,0.047492564479836935,Indonesia,Stress
fixed,risk_self,0.034463905450973276,0.09225868720342424,0.37355729303824436,206.21155932266737,0.7091174707739935,-0.14742729937203597,0.21635511027398252,Indonesia,Stress
fixed,health_trust,0.0021343994181932313,0.033968723150666666,0.06283425516838545,235.31293175231508,0.9499518279613111,-0.06478726320668106,0.06905606204306751,Indonesia,Stress
fixed,worry_health_fear,-0.050422994862581956,0.04571545866529005,-1.1029747121593718,232.98485948352752,0.2711761211381635,-0.140491512318741,0.039645522593577086,Indonesia,Stress
fixed,worry_economic,-0.002762410440495695,0.02848015451530566,-0.09699422238075057,237.04191785122507,0.922812940968108,-0.058868947734831395,0.053344126853840004,Indonesia,Stress
fixed,worry_basic_needs,0.09195820074710624,0.0761328800916384,1.2078644684979665,238.90603155709923,0.22829373012214985,-0.05801926003883766,0.24193566153305013,Indonesia,Stress
fixed,worry_social,0.09276738519781676,0.028725618480796994,3.229430386671449,237.07457376986827,0.0014159457745032712,0.036177318435545315,0.1493574519600882,Indonesia,Stress
fixed,worry_safety_stigma,0.33425987095338194,0.09960739839713116,3.355773530202041,234.55530475589842,9.230404435034412e-4,0.1380204072991409,0.530499334607623,Indonesia,Stress
fixed,livelihood_disruption,0.020019332335312025,0.02042278314370436,0.980245062313326,226.1330317023567,0.328012716436328,-0.02022396612106239,0.060262630791686436,Indonesia,Stress
fixed,(Intercept),-0.06505674240003817,0.45457036146448765,-0.1431169911528,304.99999999562425,0.8862922895961232,-0.9595477328907855,0.8294342480907091,Nepal,Depression
fixed,age,-0.012411162357607785,0.004459784805277908,-2.7829061041061585,304.99999999528956,0.005723452736698382,-0.02118700360470653,-0.003635321110509038,Nepal,Depression
fixed,female,0.04997941437220744,0.10491311194475465,0.47638863670849546,304.99999999600067,0.6341386194993551,-0.15646570694321102,0.2564245356876259,Nepal,Depression
fixed,ethnicity_minority,0.20998371131342436,0.11628350604437668,1.8057910227895033,304.99999999494315,0.07193680227525527,-0.018835757171650036,0.43880317979849875,Nepal,Depression
fixed,education,-0.0729191689487677,0.03258185402316656,-2.238030067193851,304.9999999921428,0.025940671507691755,-0.13703284055576564,-0.008805497341769733,Nepal,Depression
fixed,employmentPart-time/casual,-0.09087976553657084,0.12451865081007957,-0.729848620631009,304.99999999633053,0.466042885309207,-0.33590412422736493,0.15414459315422324,Nepal,Depression
fixed,employmentStudent,0.7395474127125778,0.28073652464091386,2.634311348188564,304.99999999537334,0.008861113126630496,0.1871218406098092,1.2919729848153465,Nepal,Depression
fixed,employmentNot working,0.05501502287625097,0.1423263460836301,0.3865413845720769,304.9999999943852,0.6993652886629392,-0.2250508262722158,0.33508087202471776,Nepal,Depression
fixed,comorbidity,0.24035904641175862,0.06585643230752145,3.6497429027036326,304.9999999956517,3.0873180704198594e-4,0.11076857954727135,0.3699495132762459,Nepal,Depression
fixed,gen_health,-0.08562972398721269,0.07329521224794541,-1.1682853676382257,304.9999999929436,0.24360405494373902,-0.2298580163701036,0.05859856839567823,Nepal,Depression
fixed,perceived_risk,0.027638315022246146,0.01013044030454876,2.7282442017684083,304.9999999954281,0.0067364793384814235,0.007703914651466255,0.04757271539302604,Nepal,Depression
fixed,risk_self,0.07390833024294875,0.08319209475005702,0.8884056888457913,304.9999999947927,0.3750226551003183,-0.08979477392389186,0.23761143440978938,Nepal,Depression
fixed,health_trust,-0.003977006916735478,0.03148725717764782,-0.12630528261949336,304.9999999962504,0.8995734953597128,-0.06593676111173306,0.05798274727826211,Nepal,Depression
fixed,worry_health_fear,-0.04638072677872289,0.022181221843171513,-2.090990618400095,304.9999999962814,0.037356223541716416,-0.09002832191200863,-0.002733131645437141,Nepal,Depression
fixed,worry_economic,0.07440996094928747,0.01847103294626012,4.028467772526682,304.99999999261837,7.093488295851485e-5,0.038063172957526044,0.1107567489410489,Nepal,Depression
fixed,worry_basic_needs,0.06494480143635453,0.03394846585887143,1.9130408339021636,304.99999999578216,0.056679021135315276,-0.0018580511603506489,0.1317476540330597,Nepal,Depression
fixed,worry_social,-0.003723595109896579,0.021646799961418016,-0.17201596155243712,304.9999999957225,0.8635390594306883,-0.04631956963859785,0.03887237941880469,Nepal,Depression
fixed,worry_safety_stigma,0.13864312061878006,0.044875869731440525,3.089480414496461,304.9999999953921,0.002189798291878711,0.05033762477455521,0.2269486164630049,Nepal,Depression
fixed,livelihood_disruption,0.019883998370986124,0.02164659626740029,0.9185739007352101,304.99999999506133,0.3590443333856438,-0.02271157533425864,0.06247957207623089,Nepal,Depression
fixed,(Intercept),0.06053802125241497,0.4510833927158874,0.13420583029653796,245.73184643838258,0.893349667374291,-0.827945060091407,0.9490211025962368,Nepal,Anxiety
fixed,age,-0.009693225709379064,0.004383229715944828,-2.211434567099716,289.93936642053353,0.02778573736990088,-0.018320209111343206,-0.0010662423074149219,Nepal,Anxiety
fixed,female,-0.04554598135744903,0.10441278354320073,-0.4362107762274569,264.5848483537627,0.6630395236911906,-0.25113166722113767,0.16003970450623958,Nepal,Anxiety
fixed,ethnicity_minority,0.053706448020679004,0.11793189504666177,0.4554022302399968,221.9048207892243,0.6492651674246944,-0.17870335605034238,0.2861162520917004,Nepal,Anxiety
fixed,education,-0.06471465180491168,0.032314142806423016,-2.002672705650372,280.48850034005244,0.046174699172211474,-0.12832367238984582,-0.0011056312199775181,Nepal,Anxiety
fixed,employmentPart-time/casual,-0.12111187937472694,0.12099955031681298,-1.0009283427716869,298.9004143192885,0.3176710617746038,-0.35923080679501324,0.11700704804555935,Nepal,Anxiety
fixed,employmentStudent,0.9066109550976638,0.27037350532887877,3.353179720752868,304.9889507081462,8.996499832471282e-4,0.3745773691231574,1.4386445410721702,Nepal,Anxiety
fixed,employmentNot working,0.10913867489576448,0.1386237624920013,0.7873013467085909,299.92903942531325,0.4317271760809702,-0.16365970615717587,0.38193705594870486,Nepal,Anxiety
fixed,comorbidity,0.23486691040664906,0.06327502405942272,3.711842293194252,304.78644637468784,2.445581073694618e-4,0.11035571979285116,0.359378101020447,Nepal,Anxiety
fixed,gen_health,-0.12030539356242538,0.07082248094196791,-1.6986893421737634,304.28282655174576,0.09039990048963739,-0.25966922214973875,0.019058435024888007,Nepal,Anxiety
fixed,perceived_risk,0.03573797471272043,0.009881922387298098,3.616500242772283,298.95853385148837,3.503932897325428e-4,0.01629103549770496,0.055184913927735904,Nepal,Anxiety
fixed,risk_self,0.10690989739714087,0.08000442209616057,1.336299851883706,304.9999814414957,0.18244736168829848,-0.05052059268413485,0.2643403874784166,Nepal,Anxiety
fixed,health_trust,0.02190565220848997,0.03053312263379136,0.7174389750836271,303.283594592398,0.4736554842879426,-0.038177936994187575,0.08198924141116751,Nepal,Anxiety
fixed,worry_health_fear,0.06512694184960757,0.02222654038383877,2.930143005834695,251.98872957025233,0.0036988852605836084,0.021353486665852947,0.1089003970333622,Nepal,Anxiety
fixed,worry_economic,0.0400847288487707,0.01767224588685637,2.2682305975939077,303.4596007561631,0.024017664843648295,0.005309068735776808,0.07486038896176458,Nepal,Anxiety
fixed,worry_basic_needs,0.034695059196104654,0.03346956978679981,1.0366150332110982,273.4849548678881,0.30083098867064195,-0.031195682120826802,0.10058580051303612,Nepal,Anxiety
fixed,worry_social,-0.018289254467614716,0.021374904046218335,-0.8556414769426984,282.3078723744139,0.39292173630810145,-0.06036367220720246,0.023785163271973025,Nepal,Anxiety
fixed,worry_safety_stigma,0.04806239709719031,0.04416850385377273,1.0881599534434983,288.5981814131517,0.27743238906120493,-0.038870845408990655,0.13499563960337127,Nepal,Anxiety
fixed,livelihood_disruption,0.0079192595187311,0.020750151279630476,0.3816482787046036,304.0117896447628,0.7029888788666532,-0.03291284326009079,0.04875136229755299,Nepal,Anxiety
fixed,(Intercept),-0.2804133097720621,0.4584609313241939,-0.6116405796283041,238.39850325543284,0.541358412822935,-1.1835651610702853,0.622738541526161,Nepal,Stress
fixed,age,-0.005451153560221698,0.004400706979881498,-1.2386995055890966,303.15032090372813,0.21641507417976913,-0.014110953583009258,0.0032086464625658622,Nepal,Stress
fixed,female,0.1144569063439452,0.10531180199707452,1.086838361640842,295.3375401414708,0.2779944702317124,-0.09279975820488512,0.3217135708927755,Nepal,Stress
fixed,ethnicity_minority,0.07997067928496913,0.11969122494931088,0.668141539355426,276.38726376785525,0.5046008150732793,-0.15565157464560497,0.3155929332155432,Nepal,Stress
fixed,education,-0.05874452033246143,0.03249590064637336,-1.8077517214165133,301.39115124772604,0.07164198867106046,-0.12269210555518376,0.0052030648902609,Nepal,Stress
fixed,employmentPart-time/casual,-0.13337838422452306,0.12126733605130513,-1.0998706541066758,304.1425773504406,0.27225827903979855,-0.37200757553209485,0.10525080708304871,Nepal,Stress
fixed,employmentStudent,0.4528752859325888,0.2697469989334184,1.6788890616884005,304.0501365430086,0.09420100704456251,-0.07793200720213539,0.9836825790673129,Nepal,Stress
fixed,employmentNot working,0.015178549599327868,0.13881933099528426,0.10934031658633687,304.8110847985796,0.9130045175742157,-0.257986966648944,0.2883440658475997,Nepal,Stress
fixed,comorbidity,0.206638450390773,0.06309253279428115,3.275164924263481,303.5568818274426,0.0011781930961404512,0.08248435730912697,0.33079254347241904,Nepal,Stress
fixed,gen_health,-0.0953824929000815,0.0707743785665586,-1.347698062942094,304.91200978349417,0.17875599969904987,-0.23465051855420221,0.043885532754039225,Nepal,Stress
fixed,perceived_risk,0.026488720107324216,0.009898295566341206,2.676089022578609,304.7581035078247,0.007851558273620057,0.007011066147404356,0.045966374067244076,Nepal,Stress
fixed,risk_self,0.2464573954289284,0.07985339252529992,3.0863735106914008,304.50545366233405,0.002212411121705164,0.08932308057053659,0.4035917102873202,Nepal,Stress
fixed,health_trust,-0.038225697773815924,0.030532518037542897,-1.2519667630037412,304.99582225539956,0.21154122952845983,-0.09830674596152425,0.021855350413892395,Nepal,Stress
fixed,worry_health_fear,0.03858927806805382,0.022457137608011445,1.7183524784693545,291.34962153483,0.08679469785535025,-0.005609505811475471,0.0827880619475831,Nepal,Stress
fixed,worry_economic,0.0711021477673263,0.017601552407633253,4.039538452102184,302.52798052313887,6.79579398432562e-5,0.036465172070073465,0.10573912346457914,Nepal,Stress
fixed,worry_basic_needs,0.06278642812958064,0.03374238493886159,1.8607584568590647,293.79142054913956,0.06377719209025542,-0.0036209968128945447,0.12919385307205583,Nepal,Stress
fixed,worry_social,0.0011235609769097202,0.02149548697987996,0.0522696218960467,300.8573583172386,0.9583485464015243,-0.04117698433870507,0.043424106292524516,Nepal,Stress
fixed,worry_safety_stigma,-0.036465900689514094,0.04435531772363043,-0.8221314277743698,302.9405808803231,0.41164869696750606,-0.12374943242087268,0.05081763104184449,Nepal,Stress
fixed,livelihood_disruption,0.0071702130940540605,0.02067267486635006,0.34684496033579926,302.67232486199964,0.7289488197706913,-0.03351015127818289,0.047850577466291004,Nepal,Stress
fixed,(Intercept),0.7990068157313059,0.5383340358855087,1.4842212501333214,155.00665131012775,0.1397808778599021,-0.26441095194830266,1.8624245834109145,Vietnam,Depression
fixed,age,-0.012524629329168218,0.005920398654458933,-2.1155043874850095,274.99377606396524,0.035286061132097125,-0.024179692292828105,-8.695663655083289e-4,Vietnam,Depression
fixed,female,0.08387417401628078,0.143512526573984,0.5844380000727094,262.1110354821576,0.5594283523817731,-0.1987100052062662,0.36645835323882775,Vietnam,Depression
fixed,ethnicity_minority,0.0932660314922076,0.15371132284252612,0.606760970938729,290.35609131857484,0.5444836867770837,-0.20926364178339946,0.3957957047678146,Vietnam,Depression
fixed,education,0.07230638602299018,0.058987858636205134,1.22578421550991,161.91034047345184,0.22205983108949726,-0.04417835502794083,0.1887911270739212,Vietnam,Depression
fixed,employmentPart-time/casual,0.11998403983776394,0.13327484185365357,0.9002752370137195,290.43833214288355,0.3687196528848359,-0.142322899119735,0.3822909787952629,Vietnam,Depression
fixed,employmentStudent,0.7091945394022106,0.29324874569785003,2.418406045401919,289.88168575737143,0.016204882106847774,0.13202785281755036,1.2863612259868709,Vietnam,Depression
fixed,employmentNot working,0.08663608622032978,0.15786527195723427,0.5487976243679453,288.65709985083276,0.5835685718518471,-0.22407691008477923,0.39734908252543877,Vietnam,Depression
fixed,comorbidity,0.3489060411320553,0.10494212696698725,3.3247471841485963,290.97886509949035,9.983721807596219e-4,0.1423641780712586,0.5554479041928521,Vietnam,Depression
fixed,gen_health,-0.24508407365130103,0.08219630797475545,-2.981691996756989,289.15094588703806,0.0031105573159894827,-0.40686302084770776,-0.0833051264548943,Vietnam,Depression
fixed,perceived_risk,0.014495107733890915,0.010767032495718505,1.3462490932069606,288.52561834585424,0.17927891118482142,-0.006696781432108662,0.035686996899890494,Vietnam,Depression
fixed,risk_self,-0.017694554588958203,0.10040919991415433,-0.17622443565018253,290.8758096208528,0.8602402510966969,-0.21531522899648903,0.1799261198185726,Vietnam,Depression
fixed,health_trust,-0.03483346407922989,0.038324477691326596,-0.9089090361461919,287.7879896891429,0.36415867148711734,-0.11026528357161866,0.04059835541315888,Vietnam,Depression
fixed,worry_health_fear,-0.09275221731349768,0.03843908536893661,-2.4129662925968733,289.2330891655953,0.016445192597592334,-0.16840801612797562,-0.017096418499019758,Vietnam,Depression
fixed,worry_economic,0.011502863999380336,0.029454837112686285,0.3905254663393137,288.68544471352453,0.6964360450728315,-0.04647060159134372,0.06947632959010439,Vietnam,Depression
fixed,worry_basic_needs,0.04587176131481219,0.05929190135425172,0.7736598130112554,289.1510611014488,0.439764038649074,-0.0708266841341774,0.1625702067638018,Vietnam,Depression
fixed,worry_social,0.10425845570944672,0.03386252186111425,3.0788745190644256,290.7960760072385,0.0022762600491338476,0.03761175322739786,0.1709051581914956,Vietnam,Depression
fixed,worry_safety_stigma,0.19106318074287137,0.08824275804500631,2.1651995583073655,288.69440984533793,0.031191442968414862,0.01738244338847239,0.36474391809727036,Vietnam,Depression
fixed,livelihood_disruption,-0.0071149867630494945,0.022738122165936844,-0.3129100420485997,290.40574854964296,0.754573602012662,-0.051867394194890844,0.03763742066879185,Vietnam,Depression
fixed,(Intercept),0.23907365112024825,0.4969056906708325,0.48112480015572795,197.99473853397575,0.6309590680491336,-0.7408332158406239,1.2189805180811204,Vietnam,Anxiety
fixed,age,-0.008276615595332099,0.005529628282961951,-1.496776125229655,212.01376556763225,0.13593871256897874,-0.019176708876902378,0.00262347768623818,Vietnam,Anxiety
fixed,female,-0.03184513565237285,0.13347053938721315,-0.23859299436849132,174.34743164125354,0.8117014047066405,-0.29527112054911797,0.23158084924437228,Vietnam,Anxiety
fixed,ethnicity_minority,0.2153599208406773,0.14479722064475153,1.4873208192928353,277.6260041295291,0.13806494682363873,-0.06968000626926857,0.5003998479506231,Vietnam,Anxiety
fixed,education,0.043269894863802026,0.05361053527874403,0.8071155163593013,68.80099028032768,0.4223814296957795,-0.06368571594098768,0.15022550566859175,Vietnam,Anxiety
fixed,employmentPart-time/casual,0.2379366458464258,0.12609639290465707,1.8869425236162973,290.99839893011057,0.060163343354916,-0.010239919343391773,0.4861132110362434,Vietnam,Anxiety
fixed,employmentStudent,0.14105589037040994,0.2761342868767384,0.5108235270811367,276.96853631546736,0.6098815512813651,-0.4025326858610752,0.6846444666018952,Vietnam,Anxiety
fixed,employmentNot working,0.18399719737873754,0.14848878212243907,1.239131971781002,271.2744675516444,0.2163676430126245,-0.10833970322037939,0.4763340979778545,Vietnam,Anxiety
fixed,comorbidity,0.26769695343528693,0.09907408952779145,2.7019875197560586,288.3502160410486,0.007301013832516782,0.07269684502495993,0.46269706184561393,Vietnam,Anxiety
fixed,gen_health,-0.273909090332479,0.07787491633371295,-3.517295468526887,290.2798885731693,5.057829330037266e-4,-0.4271801600518054,-0.1206380206131526,Vietnam,Anxiety
fixed,perceived_risk,0.007064128688950391,0.010129112552188395,0.6974084504001474,273.8210955009407,0.4861389309994545,-0.012876704063185111,0.02700496144108589,Vietnam,Anxiety
fixed,risk_self,0.11555733209716075,0.09474423914236793,1.2196766066538136,286.8525312170651,0.22358936106206723,-0.0709247596608248,0.3020394238551463,Vietnam,Anxiety
fixed,health_trust,0.03137627064667204,0.03603002435507402,0.87083678704906,269.2597939639298,0.3846190106414068,-0.03956012373357042,0.1023126650269145,Vietnam,Anxiety
fixed,worry_health_fear,-0.08613874335348609,0.03616051650874514,-2.382121486916651,269.56829335160353,0.017907100885005068,-0.15733168459968097,-0.014945802107291212,Vietnam,Anxiety
fixed,worry_economic,0.021770125354580956,0.02791853095826261,0.7797733121103922,289.5467460157308,0.4361612350629437,-0.033178870631846165,0.07671912134100808,Vietnam,Anxiety
fixed,worry_basic_needs,0.12046193378560346,0.056177314849468696,2.1443163331745243,290.1445916297148,0.032838215869794025,0.009895215317953746,0.2310286522532532,Vietnam,Anxiety
fixed,worry_social,0.05515339468245868,0.03193490768664158,1.7270566498468203,284.02158076767716,0.08524469788483943,-0.007705729350017551,0.11801251871493491,Vietnam,Anxiety
fixed,worry_safety_stigma,0.11094202359926073,0.08363693641497359,1.326471632686425,289.6760183216598,0.1857283310571374,-0.05367111748271519,0.27555516468123664,Vietnam,Anxiety
fixed,livelihood_disruption,-0.02453235027317553,0.021507679355672597,-1.140632137362843,290.7483533362891,0.2549617145441224,-0.06686283281075817,0.017798132264407105,Vietnam,Anxiety
fixed,(Intercept),0.43542712485693913,0.5159111473109421,0.8439963492289209,83.39176595841505,0.40108609609436896,-0.5906281101390659,1.461482359852944,Vietnam,Stress
fixed,age,-0.014252911042580084,0.005460356066174868,-2.6102530439126923,290.1803336843829,0.009517258455797357,-0.024999835171229837,-0.00350598691393033,Vietnam,Stress
fixed,female,0.16466810704548038,0.13264312232711256,1.2414372050093232,288.5718676187313,0.21545242039989942,-0.0964025686998902,0.425738782790851,Vietnam,Stress
fixed,ethnicity_minority,0.030855101202917967,0.141099242028855,0.2186765907403532,290.6321129477936,0.8270554638955951,-0.24685077708906844,0.30856097949490435,Vietnam,Stress
fixed,education,0.07458739891044694,0.05529624272175251,1.3488692041115056,256.5633593645351,0.17856830581827096,-0.03430491242378522,0.1834797102446791,Vietnam,Stress
fixed,employmentPart-time/casual,0.06722100257761764,0.12208273996151382,0.5506183969888686,289.4609735403825,0.5823199792897369,-0.17306142278295616,0.30750342793819146,Vietnam,Stress
fixed,employmentStudent,0.18068239663008365,0.2693080801351932,0.670913388634239,290.80911399497353,0.5028082138564214,-0.34935763416216414,0.7107224274223315,Vietnam,Stress
fixed,employmentNot working,-0.02244436855375607,0.14508234527521902,-0.15470089424856928,290.9638143539673,0.877164380032587,-0.3079882700349407,0.26309953292742855,Vietnam,Stress
fixed,comorbidity,0.3530920073869094,0.09625635273005016,3.6682462754136536,290.35089682399393,2.9045095879734657e-4,0.16364334099018144,0.5425406737836374,Vietnam,Stress
fixed,gen_health,-0.16251291955140104,0.0752225455016083,-2.1604283458863596,288.55853091807944,0.03156258213531848,-0.31056737019531677,-0.014458468907485283,Vietnam,Stress
fixed,perceived_risk,0.012324979175562072,0.009896633937638897,1.245370825396268,290.9866100848705,0.21399736932076763,-0.0071530802403323955,0.03180303859145654,Vietnam,Stress
fixed,risk_self,0.08041395432165373,0.09212601448477886,0.8728691322573147,290.49633991800164,0.3834553332912489,-0.10090513284655837,0.2617330414898658,Vietnam,Stress
fixed,health_trust,-0.035843052389890245,0.035236380319473716,-1.0172172074689876,290.99872665642664,0.30989508537039057,-0.10519351987624251,0.03350741509646202,Vietnam,Stress
fixed,worry_health_fear,-0.08801653666307306,0.035311868203150826,-2.4925482887710677,290.8677694086836,0.013239399292608976,-0.15751570626861183,-0.018517367057534276,Vietnam,Stress
fixed,worry_economic,0.04991802827034791,0.026949642779457737,1.8522704986797722,288.331107627806,0.06500894494609727,-0.0031249495303418487,0.10296100607103767,Vietnam,Stress
fixed,worry_basic_needs,0.055930498174244704,0.054262083478289085,1.0307473393759967,288.5821952325438,0.30352240525849034,-0.05086913393225056,0.16273013028073996,Vietnam,Stress
fixed,worry_social,0.0969286595516735,0.031070499674679498,3.119636329204717,290.4724238637066,0.0019927194273160758,0.03577680563926676,0.15808051346408025,Vietnam,Stress
fixed,worry_safety_stigma,0.06779588543441355,0.08073712528001128,0.8397114115629566,288.3164076085166,0.4017659598813933,-0.09111302847124027,0.22670479934006738,Vietnam,Stress
fixed,livelihood_disruption,-0.015981357274707644,0.02082597292782041,-0.7673762628087796,289.2792078227181,0.4434837041883485,-0.05697100485324734,0.025008290303832056,Vietnam,Stress
